Workbook

Sheet README
A1: What explains 5-year RAPM? Box-score skill stats, R² and dominance analysis
A3: Question | B3: How much of 5-year player impact (RAPM) can Basketball-Reference Advanced box-score rates explain, and which stats carry that explained share?
A4: Target | B4: nbarapm.com Pure 5-year RAPM ending 2026 (window 2021-22 to 2025-26). nbarapm.com describes its RAPM as built from "nothing but the scoreboard and who was on the floor, no box score at all".
A5: Predictors (9) | B5: Basketball-Reference Advanced rates, averaged over the 5 seasons weighted by each season's minutes: TS%, 3PAr, FTr, TRB%, AST%, STL%, BLK%, TOV%, USG%. MPG is excluded (see Why_No_MPG). Rebounding enters once, as TRB%; ORB% and DRB% are left out because TRB% is built from them (see Rebounding_Decision).
A6: Sample | B6: 242 players who appeared in all 5 seasons, with 2,500+ total minutes and 5,000+ RAPM possessions over the window. Data are copied unchanged from the verified Advanced 5yr RAPM workbook (Data_Modeled sheet).
A7: Estimator | B7: Ordinary least squares with an intercept.
A8: Fit | B8: In-sample R² and F test are live LINEST formulas on the Data sheet. Out-of-sample fit is leave-one-out cross-validated R² (exact PRESS formula), confirmed by 200 repeats of 10-fold cross-validation.
A9: Dominance analysis | B9: Exact Budescu / Azen-Budescu dominance analysis: R² computed for all 512 subsets of the 9 predictors. Conditional dominance = average R² a stat adds at each model size k (0 to 8 other stats already in). General dominance = average of those 9 values; the weights sum exactly to the full-model R².
A10: How to read the shares | B10: General dominance weights can be read two ways: as a share of ALL the variance in RAPM (they sum to R² = 45.0%), or as a share of R² (they sum to 100%). The X graphic uses share of all variance.
A11: Colour key | B11: Blue text = hardcoded input computed outside Excel (dominance weights, cross-validation), each with a note. Black = Excel formula. Green = formula linking another sheet. Yellow fill = headline result.
A12: Sheets | B12: Answers: headline results. Data: the 242 players. RAPM_Boxplot: box plot values with proof. Correlations: 15 x 15 correlation matrix. Model_OLS: coefficients, standard errors, p-values, standardised betas, VIF. Dominance_General: weights, shares, ranks. Dominance_Conditional: the 9 x 9 conditional matrix. Dominance_Pairs: complete and conditional dominance verdicts. Graphic_Numbers: every number on the X image, traced to its source. Why_No_MPG: comparison with the 12-predictor model. Rebounding_Decision: why rebounding enters once, as TRB%.
A13: Limits | B13: Only players who lasted all 5 seasons (range restriction). Linear model, no position control. Rebounding is measured once (TRB%) to avoid counting it twice. Unexplained variance includes RAPM's own estimation noise, which this study does not measure.

Sheet Data
A1: nba_id | B1: Player | C1: Games (5 yr) | D1: Minutes (5 yr) | E1: RAPM possessions | F1: RAPM5 (target) | G1: TS% | H1: 3PAr | I1: FTr | J1: TRB% | K1: AST% | L1: STL% | M1: BLK% | N1: TOV% | O1: USG% | P1: MPG (not in model) | Q1: ORB% (not in model) | R1: DRB% (not in model) | S1: ORAPM5 (offense) | T1: DRAPM5 (defense)
A2: 2544 | B2: LeBron James | C2: 312 | D2: 10975 | E2: 50910 | F2: 2.696 | G2: 0.60722916 | H2: 0.30727854 | I2: 0.29295162 | J2: 11.834979 | K2: 35.484966 | L2: 1.5622961 | M2: 1.644574 | N2: 13.826597 | O2: 30.356574 | P2: 35.176282 | Q2: 3.1525467 | R2: 20.017813 | S2: 2.533 | T2: 0.164
A3: 101108 | B3: Chris Paul | C3: 280 | D3: 8079 | E3: 35670 | F3: 1.388 | G3: 0.56288427 | H3: 0.44374291 | I3: 0.19553546 | J3: 7.265008 | K3: 37.896225 | L3: 2.3847877 | M3: 0.77675455 | N3: 15.274861 | O3: 17.033828 | P3: 28.853571 | Q3: 1.4247308 | R3: 13.048026 | S3: 0.649 | T3: 0.739
A4: 200768 | B4: Kyle Lowry | C4: 227 | D4: 6318 | E4: 29305 | F4: 0.557 | G4: 0.5756013 | H4: 0.65382035 | I4: 0.25657582 | J4: 7.0211934 | K4: 24.857914 | L4: 1.7328743 | M4: 1.11415 | N4: 17.114926 | O4: 15.400681 | P4: 27.832599 | Q4: 2.1452991 | R4: 11.985502 | S4: -1.003 | T4: 1.56
A5: 201142 | B5: Kevin Durant | C5: 317 | D5: 11615 | E5: 50666 | F5: 4.347 | G5: 0.64153922 | H5: 0.29834826 | I5: 0.33676134 | J5: 9.6412914 | K5: 22.873345 | L5: 1.1096341 | M5: 2.7780284 | N5: 13.166741 | O5: 29.109367 | P5: 36.640379 | Q5: 1.488446 | R5: 17.380818 | S5: 4.06 | T5: 0.287
A6: 201143 | B6: Al Horford | C6: 302 | D6: 8295 | E6: 42550 | F6: 2.372 | G6: 0.59861302 | H6: 0.60909488 | I6: 0.091409403 | J6: 12.605304 | K6: 13.668596 | L6: 1.1013864 | M6: 3.423472 | N6: 9.0966968 | O6: 13.539301 | P6: 27.466887 | Q6: 5.1592767 | R6: 19.774322 | S6: 0.63 | T6: 1.742
A7: 201144 | B7: Mike Conley | C7: 340 | D7: 9027 | E7: 41635 | F7: 1.189 | G7: 0.58199058 | H7: 0.61481445 | I7: 0.21419741 | J7: 5.4637975 | K7: 26.729467 | L7: 2.0069348 | M7: 0.77801041 | N7: 12.785554 | O7: 16.379284 | P7: 26.55 | Q7: 2.1112884 | R7: 8.6776892 | S7: 0.875 | T7: 0.314
A8: 201145 | B8: Jeff Green | C8: 271 | D8: 4818 | E8: 21325 | F8: -4.21 | G8: 0.60177418 | H8: 0.38953944 | I8: 0.3551374 | J8: 7.3156912 | K8: 7.4618306 | L8: 0.6918846 | M8: 1.5266501 | N8: 9.7248028 | O8: 16.164467 | P8: 17.778598 | Q8: 3.3317352 | R8: 11.152034 | S8: -2.112 | T8: -2.099
A9: 201566 | B9: Russell Westbrook | C9: 358 | D9: 10278 | E9: 45491 | F9: -2.993 | G9: 0.51945982 | H9: 0.30304223 | I9: 0.28213826 | J9: 11.013115 | K9: 32.607774 | L9: 1.9325355 | M9: 1.0934034 | N9: 18.281679 | O9: 26.105536 | P9: 28.709497 | Q9: 5.1620549 | R9: 16.679724 | S9: -0.861 | T9: -2.132
A10: 201567 | B10: Kevin Love | C10: 251 | D10: 4693 | E10: 20619 | F10: 0.746 | G10: 0.57337098 | H10: 0.66520563 | I10: 0.24787918 | J10: 18.960409 | K10: 15.264522 | L10: 0.94338376 | M10: 1.0722566 | N10: 11.35879 | O10: 21.774025 | P10: 18.697211 | Q10: 6.7290859 | R10: 31.220349 | S10: 0.157 | T10: 0.588
A11: 201569 | B11: Eric Gordon | C11: 239 | D11: 6370 | E11: 27378 | F11: -0.952 | G11: 0.59442057 | H11: 0.58767111 | I11: 0.20474678 | J11: 3.6394035 | K11: 12.316044 | L11: 1.2894192 | M11: 1.2443328 | N11: 12.193611 | O11: 17.171664 | P11: 26.65272 | Q11: 0.98701727 | R11: 6.2706279 | S11: -0.253 | T11: -0.699
A12: 201572 | B12: Brook Lopez | C12: 325 | D12: 9263 | E12: 41492 | F12: 0.176 | G12: 0.6069267 | H12: 0.49177232 | I12: 0.17889248 | J12: 9.7193998 | K12: 7.1514304 | L12: 0.94988665 | M12: 5.9814963 | N12: 9.2476735 | O12: 17.192044 | P12: 28.501538 | Q12: 5.4464212 | R12: 13.700572 | S12: -2.364 | T12: 2.541
A13: 201587 | B13: Nicolas Batum | C13: 349 | D13: 7363 | E13: 31467 | F13: 0.602 | G13: 0.60747426 | H13: 0.8087994 | I13: 0.090174114 | J13: 9.1023088 | K13: 8.9224637 | L13: 1.7065055 | M13: 2.2700394 | N13: 11.653063 | O13: 10.457123 | P13: 21.097421 | Q13: 3.5390466 | R13: 14.513296 | S13: -0.135 | T13: 0.737
... A243: 1630692 | B243: Jordan Goodwin | C243: 220 | D243: 4282 | E243: 17449 | F243: 0.026 | G243: 0.50961093 | H243: 0.43721649 | I243: 0.13502569 | J243: 11.826553 | K243: 16.8461 | L243: 2.7674685 | M243: 1.4821345 | N243: 12.057356 | O243: 17.393344 | P243: 19.463636 | Q243: 8.3191499 | R243: 15.30425 | S243: -0.95 | T243: 0.976

Sheet Answers
A1: Headline results
A3: Statistic | B3: Value | C3: How it is computed
A4: Players (n) | B4: =COUNT(Data!$F$2:$F$243) -> 242 | C4: COUNT of the target column on Data
A5: Predictors (k) | B5: =COLUMNS(Data!$G$2:$O$243) -> 9 | C5: Number of predictor columns on Data
A6: R² (in-sample) | B6: =INDEX(LINEST(Data!$F$2:$F$243,Data!$G$2:$O$243,TRUE(),TRUE()),3,1) -> 0.44955314 | C6: LINEST on Data
A7: Adjusted R² | B7: =1-(1-B6)*(B4-1)/(B4-B5-1) -> 0.4281996 | C7: 1 - (1 - R²)(n - 1)/(n - k - 1)
A8: Leave-one-out cross-validated R² | B8: 0.396272 | C8: Computed in Python with the exact PRESS formula (each player predicted by a model fit without him). Hardcoded.
A9: 10-fold cross-validated R² (mean of 200 repeats) | B9: 0.392847 | C9: Computed in Python, random seed 0. 5th to 95th percentile across repeats: 0.3805 to 0.4072. Hardcoded.
A10: F statistic | B10: =INDEX(LINEST(Data!$F$2:$F$243,Data!$G$2:$O$243,TRUE(),TRUE()),4,1) -> 21.052861 | C10: LINEST on Data
A11: Residual degrees of freedom | B11: =INDEX(LINEST(Data!$F$2:$F$243,Data!$G$2:$O$243,TRUE(),TRUE()),4,2) -> 232 | C11: LINEST on Data
A12: F test p-value | B12: =FDIST(B10,B5,B11) -> 8.1819231e-26 | C12: FDIST(F, k, residual df)
A13: Sum of general dominance weights | B13: =SUM(Dominance_General!C4:C12) -> 0.449553 | C13: Should equal R² (check below)
A14: Check: dominance sum minus R² | B14: =B13-B6 -> -1.4460725e-07 | C14: Should be 0 to rounding
A15: Variance not explained (in-sample) | B15: =1-B6 -> 0.55044686 | C15: 1 - R²
A16: Top 3 (AST%, STL%, TS%) share of explained variance | B16: =Graphic_Numbers!C9 -> 0.62397072 | C16: From Graphic_Numbers
A18: In one sentence
A19: Box-score skill stats explain about 40% of 5-year RAPM out of sample (45% in-sample). Assists, steals and shooting efficiency carry about 62% of the explained share. The rest of RAPM is not captured by these stats and includes RAPM's own noise.

Sheet Model_OLS
A1: OLS coefficients (live LINEST on Data)
A3: Predictor | B3: Description | C3: Coefficient | D3: Std. error | E3: t | F3: p-value | G3: Standardised beta | H3: VIF | I3: Direction
A4: TS% | B4: True shooting percentage | C4: =INDEX(LINEST(Data!$F$2:$F$243,Data!$G$2:$O$243,TRUE(),TRUE()),1,9) -> 24.944135 | D4: =INDEX(LINEST(Data!$F$2:$F$243,Data!$G$2:$O$243,TRUE(),TRUE()),2,9) -> 4.0980178 | E4: =C4/D4 -> 6.0868782 | F4: =TDIST(ABS(E4),Answers!$B$11,2) -> 4.7236312e-09 | G4: =C4*STDEV(Data!$G$2:$G$243)/STDEV(Data!$F$2:$F$243) -> 0.39717572 | H4: 1.79 | I4: =IF(H4>10,"unstable (collinear)",IF(F4<0.001,IF(C4>0,"positive","negative"),"weak / unclear")) -> positive
A5: 3PAr | B5: 3-point attempt rate (3PA/FGA) | C5: =INDEX(LINEST(Data!$F$2:$F$243,Data!$G$2:$O$243,TRUE(),TRUE()),1,8) -> 3.5818197 | D5: =INDEX(LINEST(Data!$F$2:$F$243,Data!$G$2:$O$243,TRUE(),TRUE()),2,8) -> 1.0233549 | E5: =C5/D5 -> 3.5000757 | F5: =TDIST(ABS(E5),Answers!$B$11,2) -> 0.00055759899 | G5: =C5*STDEV(Data!$H$2:$H$243)/STDEV(Data!$F$2:$F$243) -> 0.2849338 | H5: 2.79 | I5: =IF(H5>10,"unstable (collinear)",IF(F5<0.001,IF(C5>0,"positive","negative"),"weak / unclear")) -> positive
A6: FTr | B6: Free throw rate (FTA/FGA) | C6: =INDEX(LINEST(Data!$F$2:$F$243,Data!$G$2:$O$243,TRUE(),TRUE()),1,7) -> 1.7248765 | D6: =INDEX(LINEST(Data!$F$2:$F$243,Data!$G$2:$O$243,TRUE(),TRUE()),2,7) -> 1.7251684 | E6: =C6/D6 -> 0.99983079 | F6: =TDIST(ABS(E6),Answers!$B$11,2) -> 0.31843408 | G6: =C6*STDEV(Data!$I$2:$I$243)/STDEV(Data!$F$2:$F$243) -> 0.075940027 | H6: 2.43 | I6: =IF(H6>10,"unstable (collinear)",IF(F6<0.001,IF(C6>0,"positive","negative"),"weak / unclear")) -> weak / unclear
A7: TRB% | B7: Total rebound % | C7: =INDEX(LINEST(Data!$F$2:$F$243,Data!$G$2:$O$243,TRUE(),TRUE()),1,6) -> 0.17496541 | D7: =INDEX(LINEST(Data!$F$2:$F$243,Data!$G$2:$O$243,TRUE(),TRUE()),2,6) -> 0.043822389 | E7: =C7/D7 -> 3.9926032 | F7: =TDIST(ABS(E7),Answers!$B$11,2) -> 8.7724255e-05 | G7: =C7*STDEV(Data!$J$2:$J$243)/STDEV(Data!$F$2:$F$243) -> 0.32001574 | H7: 2.71 | I7: =IF(H7>10,"unstable (collinear)",IF(F7<0.001,IF(C7>0,"positive","negative"),"weak / unclear")) -> positive
A8: AST% | B8: Assist % | C8: =INDEX(LINEST(Data!$F$2:$F$243,Data!$G$2:$O$243,TRUE(),TRUE()),1,5) -> 0.15130554 | D8: =INDEX(LINEST(Data!$F$2:$F$243,Data!$G$2:$O$243,TRUE(),TRUE()),2,5) -> 0.026820164 | E8: =C8/D8 -> 5.6414845 | F8: =TDIST(ABS(E8),Answers!$B$11,2) -> 4.8873826e-08 | G8: =C8*STDEV(Data!$K$2:$K$243)/STDEV(Data!$F$2:$F$243) -> 0.51963127 | H8: 3.58 | I8: =IF(H8>10,"unstable (collinear)",IF(F8<0.001,IF(C8>0,"positive","negative"),"weak / unclear")) -> positive
A9: STL% | B9: Steal % | C9: =INDEX(LINEST(Data!$F$2:$F$243,Data!$G$2:$O$243,TRUE(),TRUE()),1,4) -> 1.8203429 | D9: =INDEX(LINEST(Data!$F$2:$F$243,Data!$G$2:$O$243,TRUE(),TRUE()),2,4) -> 0.27752805 | E9: =C9/D9 -> 6.5591313 | F9: =TDIST(ABS(E9),Answers!$B$11,2) -> 3.4835285e-10 | G9: =C9*STDEV(Data!$L$2:$L$243)/STDEV(Data!$F$2:$F$243) -> 0.36675855 | H9: 1.32 | I9: =IF(H9>10,"unstable (collinear)",IF(F9<0.001,IF(C9>0,"positive","negative"),"weak / unclear")) -> positive
A10: BLK% | B10: Block % | C10: =INDEX(LINEST(Data!$F$2:$F$243,Data!$G$2:$O$243,TRUE(),TRUE()),1,3) -> 0.1128098 | D10: =INDEX(LINEST(Data!$F$2:$F$243,Data!$G$2:$O$243,TRUE(),TRUE()),2,3) -> 0.12237974 | E10: =C10/D10 -> 0.92180121 | F10: =TDIST(ABS(E10),Answers!$B$11,2) -> 0.35758986 | G10: =C10*STDEV(Data!$M$2:$M$243)/STDEV(Data!$F$2:$F$243) -> 0.066286654 | H10: 2.18 | I10: =IF(H10>10,"unstable (collinear)",IF(F10<0.001,IF(C10>0,"positive","negative"),"weak / unclear")) -> weak / unclear
A11: TOV% | B11: Turnover % | C11: =INDEX(LINEST(Data!$F$2:$F$243,Data!$G$2:$O$243,TRUE(),TRUE()),1,2) -> -0.29238728 | D11: =INDEX(LINEST(Data!$F$2:$F$243,Data!$G$2:$O$243,TRUE(),TRUE()),2,2) -> 0.058917609 | E11: =C11/D11 -> -4.9626467 | F11: =TDIST(ABS(E11),Answers!$B$11,2) -> 1.3459256e-06 | G11: =C11*STDEV(Data!$N$2:$N$243)/STDEV(Data!$F$2:$F$243) -> -0.34659564 | H11: 2.06 | I11: =IF(H11>10,"unstable (collinear)",IF(F11<0.001,IF(C11>0,"positive","negative"),"weak / unclear")) -> negative
A12: USG% | B12: Usage % | C12: =INDEX(LINEST(Data!$F$2:$F$243,Data!$G$2:$O$243,TRUE(),TRUE()),1,1) -> 0.054235546 | D12: =INDEX(LINEST(Data!$F$2:$F$243,Data!$G$2:$O$243,TRUE(),TRUE()),2,1) -> 0.03651235 | E12: =C12/D12 -> 1.4854028 | F12: =TDIST(ABS(E12),Answers!$B$11,2) -> 0.13879469 | G12: =C12*STDEV(Data!$O$2:$O$243)/STDEV(Data!$F$2:$F$243) -> 0.12148354 | H12: 2.82 | I12: =IF(H12>10,"unstable (collinear)",IF(F12<0.001,IF(C12>0,"positive","negative"),"weak / unclear")) -> weak / unclear
A13: Intercept | C13: =INDEX(LINEST(Data!$F$2:$F$243,Data!$G$2:$O$243,TRUE(),TRUE()),1,10) -> -21.113796 | D13: =INDEX(LINEST(Data!$F$2:$F$243,Data!$G$2:$O$243,TRUE(),TRUE()),2,10) -> 2.8596977
A15: Notes
A16: Direction: "unstable (collinear)" when VIF > 10; otherwise "positive" or "negative" when p < .001, else "weak / unclear". The X graphic marks AST%, STL% and TS% with ▲ on this basis.
A17: Standardised beta = coefficient x SD(predictor) / SD(RAPM5).
A18: VIF (hardcoded, Python): all VIFs are low because rebounding enters once. With ORB%, DRB% and TRB% all included, the three rebound rates had VIFs from 530 to 3,069.
A19: TS%, 3PAr and FTr are stored as fractions (0.58 = 58%); the other rates are in percentage points, so coefficient sizes are not comparable across stats. Use the standardised betas or the dominance weights.

Sheet RAPM_Boxplot
A1: RAPM box plot values, with proof
A2: All values are live Excel formulas on the Data sheet (RAPM5, n = 242). Quartile method: QUARTILE.INC (inclusive, linear interpolation), the Excel default and the method used by the chart.
A4: Statistic | B4: Value | C4: Player | D4: Formula used
A5: n | B5: =COUNT(Data!$F$2:$F$243) -> 242 | D5: COUNT
A6: Minimum | B6: =MIN(Data!$F$2:$F$243) -> -6.068 | C6: =INDEX(Data!$B$2:$B$243,MATCH(B6,Data!$F$2:$F$243,0)) -> Nick Richards | D6: MIN
A7: Q1 (25th percentile) | B7: =_xlfn.QUARTILE.INC(Data!$F$2:$F$243,1) -> -1.3025 | D7: QUARTILE.INC(range,1)
A8: Median (Q2) | B8: =MEDIAN(Data!$F$2:$F$243) -> 0.2295 | D8: MEDIAN
A9: Q3 (75th percentile) | B9: =_xlfn.QUARTILE.INC(Data!$F$2:$F$243,3) -> 2.075 | D9: QUARTILE.INC(range,3)
A10: Maximum | B10: =MAX(Data!$F$2:$F$243) -> 10.312 | C10: =INDEX(Data!$B$2:$B$243,MATCH(B10,Data!$F$2:$F$243,0)) -> Nikola Jokić | D10: MAX
A11: Mean (for reference) | B11: =AVERAGE(Data!$F$2:$F$243) -> 0.34907851 | D11: AVERAGE
A12: IQR | B12: =B9-B7 -> 3.3775 | D12: Q3 - Q1
A13: Lower fence | B13: =B7-1.5*B12 -> -6.36875 | D13: Q1 - 1.5 x IQR
A14: Upper fence | B14: =B9+1.5*B12 -> 7.14125 | D14: Q3 + 1.5 x IQR
A15: Lower whisker end | B15: =_xlfn.MINIFS(Data!$F$2:$F$243,Data!$F$2:$F$243,">="&B13) -> -6.068 | C15: =INDEX(Data!$B$2:$B$243,MATCH(B15,Data!$F$2:$F$243,0)) -> Nick Richards | D15: smallest value at or above the lower fence
A16: Upper whisker end | B16: =_xlfn.MAXIFS(Data!$F$2:$F$243,Data!$F$2:$F$243,"<="&B14) -> 6.192 | C16: =INDEX(Data!$B$2:$B$243,MATCH(B16,Data!$F$2:$F$243,0)) -> Stephen Curry | D16: largest value at or below the upper fence
A17: Outliers below lower fence | B17: =COUNTIF(Data!$F$2:$F$243,"<"&B13) -> 0 | D17: COUNTIF
A18: Outliers above upper fence | B18: =COUNTIF(Data!$F$2:$F$243,">"&B14) -> 3 | D18: COUNTIF
A21: Outliers (above upper fence), largest first
A22: Rank | B22: RAPM | C22: Player
A23: 1 | B23: =IF(1<=$B$18,LARGE(Data!$F$2:$F$243,1),"") -> 10.312 | C23: =IF(B23="","",INDEX(Data!$B$2:$B$243,MATCH(B23,Data!$F$2:$F$243,0))) -> Nikola Jokić
A24: 2 | B24: =IF(2<=$B$18,LARGE(Data!$F$2:$F$243,2),"") -> 8.395 | C24: =IF(B24="","",INDEX(Data!$B$2:$B$243,MATCH(B24,Data!$F$2:$F$243,0))) -> Shai Gilgeous-Alexander
A25: 3 | B25: =IF(3<=$B$18,LARGE(Data!$F$2:$F$243,3),"") -> 7.541 | C25: =IF(B25="","",INDEX(Data!$B$2:$B$243,MATCH(B25,Data!$F$2:$F$243,0))) -> Giannis Antetokounmpo
A28: Proof: quartiles rebuilt from sorted values
A29: QUARTILE.INC sits at position 1 + (n - 1) x p in the sorted list. For n = 242 that is 61.25 (Q1), 121.5 (median) and 181.75 (Q3), so each is the value below plus that fraction of the gap to the next value.
A30: Quartile | B30: Position | C30: Value at lower rank | D30: Value at next rank | E30: Fraction | F30: Rebuilt value | G30: Matches?
A31: Q1 | B31: =1+($B$5-1)*0.25 -> 61.25 | C31: =SMALL(Data!$F$2:$F$243,INT(B31)) -> -1.306 | D31: =SMALL(Data!$F$2:$F$243,INT(B31)+1) -> -1.292 | E31: =B31-INT(B31) -> 0.25 | F31: =C31+E31*(D31-C31) -> -1.3025 | G31: =IF(ABS(F31-B7)<0.0000001,"Yes","NO") -> Yes
A32: Median | B32: =1+($B$5-1)*0.5 -> 121.5 | C32: =SMALL(Data!$F$2:$F$243,INT(B32)) -> 0.211 | D32: =SMALL(Data!$F$2:$F$243,INT(B32)+1) -> 0.248 | E32: =B32-INT(B32) -> 0.5 | F32: =C32+E32*(D32-C32) -> 0.2295 | G32: =IF(ABS(F32-B8)<0.0000001,"Yes","NO") -> Yes
A33: Q3 | B33: =1+($B$5-1)*0.75 -> 181.75 | C33: =SMALL(Data!$F$2:$F$243,INT(B33)) -> 2.072 | D33: =SMALL(Data!$F$2:$F$243,INT(B33)+1) -> 2.076 | E33: =B33-INT(B33) -> 0.75 | F33: =C33+E33*(D33-C33) -> 2.075 | G33: =IF(ABS(F33-B9)<0.0000001,"Yes","NO") -> Yes
A35: Other quartile conventions give slightly different Q1 and Q3 (exclusive method: Q1 -1.3205, Q3 2.0808). The median and whisker ends do not depend on the convention here.

Sheet Correlations
A1: Correlation matrix (Pearson r, n = 242)
A2: Live CORREL formulas on the Data sheet. * = not in the final model (MPG excluded as partly an outcome of impact; ORB% and DRB% excluded because TRB% is built from them).
B4: RAPM5 | C4: ORAPM5 | D4: DRAPM5 | E4: MPG * | F4: TS% | G4: 3PAr | H4: FTr | I4: ORB% * | J4: DRB% * | K4: TRB% | L4: AST% | M4: STL% | N4: BLK% | O4: TOV% | P4: USG%
A5: RAPM5 | B5: =CORREL(Data!$F$2:$F$243,Data!$F$2:$F$243) -> 1 | C5: =CORREL(Data!$F$2:$F$243,Data!$S$2:$S$243) -> 0.80170548 | D5: =CORREL(Data!$F$2:$F$243,Data!$T$2:$T$243) -> 0.626794 | E5: =CORREL(Data!$F$2:$F$243,Data!$P$2:$P$243) -> 0.39147188 | F5: =CORREL(Data!$F$2:$F$243,Data!$G$2:$G$243) -> 0.22589656 | G5: =CORREL(Data!$F$2:$F$243,Data!$H$2:$H$243) -> -0.07924901 | H5: =CORREL(Data!$F$2:$F$243,Data!$I$2:$I$243) -> 0.19517195 | I5: =CORREL(Data!$F$2:$F$243,Data!$Q$2:$Q$243) -> 0.050462759 | J5: =CORREL(Data!$F$2:$F$243,Data!$R$2:$R$243) -> 0.1636577 | K5: =CORREL(Data!$F$2:$F$243,Data!$J$2:$J$243) -> 0.13402019 | L5: =CORREL(Data!$F$2:$F$243,Data!$K$2:$K$243) -> 0.35091466 | M5: =CORREL(Data!$F$2:$F$243,Data!$L$2:$L$243) -> 0.23711336 | N5: =CORREL(Data!$F$2:$F$243,Data!$M$2:$M$243) -> 0.040408549 | O5: =CORREL(Data!$F$2:$F$243,Data!$N$2:$N$243) -> -0.037566267 | P5: =CORREL(Data!$F$2:$F$243,Data!$O$2:$O$243) -> 0.32675104
A6: ORAPM5 | B6: =CORREL(Data!$S$2:$S$243,Data!$F$2:$F$243) -> 0.80170548 | C6: =CORREL(Data!$S$2:$S$243,Data!$S$2:$S$243) -> 1 | D6: =CORREL(Data!$S$2:$S$243,Data!$T$2:$T$243) -> 0.036770319 | E6: =CORREL(Data!$S$2:$S$243,Data!$P$2:$P$243) -> 0.46642384 | F6: =CORREL(Data!$S$2:$S$243,Data!$G$2:$G$243) -> 0.20088861 | G6: =CORREL(Data!$S$2:$S$243,Data!$H$2:$H$243) -> 0.036097011 | H6: =CORREL(Data!$S$2:$S$243,Data!$I$2:$I$243) -> 0.15208023 | I6: =CORREL(Data!$S$2:$S$243,Data!$Q$2:$Q$243) -> -0.15333753 | J6: =CORREL(Data!$S$2:$S$243,Data!$R$2:$R$243) -> 0.0061087076 | K6: =CORREL(Data!$S$2:$S$243,Data!$J$2:$J$243) -> -0.053743336 | L6: =CORREL(Data!$S$2:$S$243,Data!$K$2:$K$243) -> 0.49188745 | M6: =CORREL(Data!$S$2:$S$243,Data!$L$2:$L$243) -> 0.05887371 | N6: =CORREL(Data!$S$2:$S$243,Data!$M$2:$M$243) -> -0.24654611 | O6: =CORREL(Data!$S$2:$S$243,Data!$N$2:$N$243) -> -0.13627234 | P6: =CORREL(Data!$S$2:$S$243,Data!$O$2:$O$243) -> 0.53775838
A7: DRAPM5 | B7: =CORREL(Data!$T$2:$T$243,Data!$F$2:$F$243) -> 0.626794 | C7: =CORREL(Data!$T$2:$T$243,Data!$S$2:$S$243) -> 0.036770319 | D7: =CORREL(Data!$T$2:$T$243,Data!$T$2:$T$243) -> 1 | E7: =CORREL(Data!$T$2:$T$243,Data!$P$2:$P$243) -> 0.04648473 | F7: =CORREL(Data!$T$2:$T$243,Data!$G$2:$G$243) -> 0.11579884 | G7: =CORREL(Data!$T$2:$T$243,Data!$H$2:$H$243) -> -0.17953594 | H7: =CORREL(Data!$T$2:$T$243,Data!$I$2:$I$243) -> 0.12804026 | I7: =CORREL(Data!$T$2:$T$243,Data!$Q$2:$Q$243) -> 0.28425348 | J7: =CORREL(Data!$T$2:$T$243,Data!$R$2:$R$243) -> 0.26564463 | K7: =CORREL(Data!$T$2:$T$243,Data!$J$2:$J$243) -> 0.29411817 | L7: =CORREL(Data!$T$2:$T$243,Data!$K$2:$K$243) -> -0.054535518 | M7: =CORREL(Data!$T$2:$T$243,Data!$L$2:$L$243) -> 0.31967313 | N7: =CORREL(Data!$T$2:$T$243,Data!$M$2:$M$243) -> 0.38895762 | O7: =CORREL(Data!$T$2:$T$243,Data!$N$2:$N$243) -> 0.1148375 | P7: =CORREL(Data!$T$2:$T$243,Data!$O$2:$O$243) -> -0.15472753
A8: MPG * | B8: =CORREL(Data!$P$2:$P$243,Data!$F$2:$F$243) -> 0.39147188 | C8: =CORREL(Data!$P$2:$P$243,Data!$S$2:$S$243) -> 0.46642384 | D8: =CORREL(Data!$P$2:$P$243,Data!$T$2:$T$243) -> 0.04648473 | E8: =CORREL(Data!$P$2:$P$243,Data!$P$2:$P$243) -> 1 | F8: =CORREL(Data!$P$2:$P$243,Data!$G$2:$G$243) -> -0.071468534 | G8: =CORREL(Data!$P$2:$P$243,Data!$H$2:$H$243) -> -0.022027156 | H8: =CORREL(Data!$P$2:$P$243,Data!$I$2:$I$243) -> 0.15630503 | I8: =CORREL(Data!$P$2:$P$243,Data!$Q$2:$Q$243) -> -0.33829034 | J8: =CORREL(Data!$P$2:$P$243,Data!$R$2:$R$243) -> 0.027433524 | K8: =CORREL(Data!$P$2:$P$243,Data!$J$2:$J$243) -> -0.12007638 | L8: =CORREL(Data!$P$2:$P$243,Data!$K$2:$K$243) -> 0.46519029 | M8: =CORREL(Data!$P$2:$P$243,Data!$L$2:$L$243) -> -0.082706408 | N8: =CORREL(Data!$P$2:$P$243,Data!$M$2:$M$243) -> -0.21304965 | O8: =CORREL(Data!$P$2:$P$243,Data!$N$2:$N$243) -> -0.048668701 | P8: =CORREL(Data!$P$2:$P$243,Data!$O$2:$O$243) -> 0.65968619
A9: TS% | B9: =CORREL(Data!$G$2:$G$243,Data!$F$2:$F$243) -> 0.22589656 | C9: =CORREL(Data!$G$2:$G$243,Data!$S$2:$S$243) -> 0.20088861 | D9: =CORREL(Data!$G$2:$G$243,Data!$T$2:$T$243) -> 0.11579884 | E9: =CORREL(Data!$G$2:$G$243,Data!$P$2:$P$243) -> -0.071468534 | F9: =CORREL(Data!$G$2:$G$243,Data!$G$2:$G$243) -> 1 | G9: =CORREL(Data!$G$2:$G$243,Data!$H$2:$H$243) -> -0.3820575 | H9: =CORREL(Data!$G$2:$G$243,Data!$I$2:$I$243) -> 0.49236487 | I9: =CORREL(Data!$G$2:$G$243,Data!$Q$2:$Q$243) -> 0.47851846 | J9: =CORREL(Data!$G$2:$G$243,Data!$R$2:$R$243) -> 0.36425361 | K9: =CORREL(Data!$G$2:$G$243,Data!$J$2:$J$243) -> 0.4413331 | L9: =CORREL(Data!$G$2:$G$243,Data!$K$2:$K$243) -> -0.25362597 | M9: =CORREL(Data!$G$2:$G$243,Data!$L$2:$L$243) -> -0.3086868 | N9: =CORREL(Data!$G$2:$G$243,Data!$M$2:$M$243) -> 0.4258938 | O9: =CORREL(Data!$G$2:$G$243,Data!$N$2:$N$243) -> 0.013428697 | P9: =CORREL(Data!$G$2:$G$243,Data!$O$2:$O$243) -> -0.16144613
A10: 3PAr | B10: =CORREL(Data!$H$2:$H$243,Data!$F$2:$F$243) -> -0.07924901 | C10: =CORREL(Data!$H$2:$H$243,Data!$S$2:$S$243) -> 0.036097011 | D10: =CORREL(Data!$H$2:$H$243,Data!$T$2:$T$243) -> -0.17953594 | E10: =CORREL(Data!$H$2:$H$243,Data!$P$2:$P$243) -> -0.022027156 | F10: =CORREL(Data!$H$2:$H$243,Data!$G$2:$G$243) -> -0.3820575 | G10: =CORREL(Data!$H$2:$H$243,Data!$H$2:$H$243) -> 1 | H10: =CORREL(Data!$H$2:$H$243,Data!$I$2:$I$243) -> -0.66512245 | I10: =CORREL(Data!$H$2:$H$243,Data!$Q$2:$Q$243) -> -0.71409398 | J10: =CORREL(Data!$H$2:$H$243,Data!$R$2:$R$243) -> -0.60640995 | K10: =CORREL(Data!$H$2:$H$243,Data!$J$2:$J$243) -> -0.69044967 | L10: =CORREL(Data!$H$2:$H$243,Data!$K$2:$K$243) -> -0.058048593 | M10: =CORREL(Data!$H$2:$H$243,Data!$L$2:$L$243) -> 0.035093814 | N10: =CORREL(Data!$H$2:$H$243,Data!$M$2:$M$243) -> -0.52753682 | O10: =CORREL(Data!$H$2:$H$243,Data!$N$2:$N$243) -> -0.35712779 | P10: =CORREL(Data!$H$2:$H$243,Data!$O$2:$O$243) -> -0.10282907
A11: FTr | B11: =CORREL(Data!$I$2:$I$243,Data!$F$2:$F$243) -> 0.19517195 | C11: =CORREL(Data!$I$2:$I$243,Data!$S$2:$S$243) -> 0.15208023 | D11: =CORREL(Data!$I$2:$I$243,Data!$T$2:$T$243) -> 0.12804026 | E11: =CORREL(Data!$I$2:$I$243,Data!$P$2:$P$243) -> 0.15630503 | F11: =CORREL(Data!$I$2:$I$243,Data!$G$2:$G$243) -> 0.49236487 | G11: =CORREL(Data!$I$2:$I$243,Data!$H$2:$H$243) -> -0.66512245 | H11: =CORREL(Data!$I$2:$I$243,Data!$I$2:$I$243) -> 1 | I11: =CORREL(Data!$I$2:$I$243,Data!$Q$2:$Q$243) -> 0.47937278 | J11: =CORREL(Data!$I$2:$I$243,Data!$R$2:$R$243) -> 0.47214643 | K11: =CORREL(Data!$I$2:$I$243,Data!$J$2:$J$243) -> 0.50783552 | L11: =CORREL(Data!$I$2:$I$243,Data!$K$2:$K$243) -> 0.080646565 | M11: =CORREL(Data!$I$2:$I$243,Data!$L$2:$L$243) -> -0.14387682 | N11: =CORREL(Data!$I$2:$I$243,Data!$M$2:$M$243) -> 0.38305644 | O11: =CORREL(Data!$I$2:$I$243,Data!$N$2:$N$243) -> 0.27053048 | P11: =CORREL(Data!$I$2:$I$243,Data!$O$2:$O$243) -> 0.24622095
A12: ORB% * | B12: =CORREL(Data!$Q$2:$Q$243,Data!$F$2:$F$243) -> 0.050462759 | C12: =CORREL(Data!$Q$2:$Q$243,Data!$S$2:$S$243) -> -0.15333753 | D12: =CORREL(Data!$Q$2:$Q$243,Data!$T$2:$T$243) -> 0.28425348 | E12: =CORREL(Data!$Q$2:$Q$243,Data!$P$2:$P$243) -> -0.33829034 | F12: =CORREL(Data!$Q$2:$Q$243,Data!$G$2:$G$243) -> 0.47851846 | G12: =CORREL(Data!$Q$2:$Q$243,Data!$H$2:$H$243) -> -0.71409398 | H12: =CORREL(Data!$Q$2:$Q$243,Data!$I$2:$I$243) -> 0.47937278 | I12: =CORREL(Data!$Q$2:$Q$243,Data!$Q$2:$Q$243) -> 1 | J12: =CORREL(Data!$Q$2:$Q$243,Data!$R$2:$R$243) -> 0.74438418 | K12: =CORREL(Data!$Q$2:$Q$243,Data!$J$2:$J$243) -> 0.89930584 | L12: =CORREL(Data!$Q$2:$Q$243,Data!$K$2:$K$243) -> -0.34819756 | M12: =CORREL(Data!$Q$2:$Q$243,Data!$L$2:$L$243) -> -0.05494804 | N12: =CORREL(Data!$Q$2:$Q$243,Data!$M$2:$M$243) -> 0.69950776 | O12: =CORREL(Data!$Q$2:$Q$243,Data!$N$2:$N$243) -> 0.22922493 | P12: =CORREL(Data!$Q$2:$Q$243,Data!$O$2:$O$243) -> -0.27933362
A13: DRB% * | B13: =CORREL(Data!$R$2:$R$243,Data!$F$2:$F$243) -> 0.1636577 | C13: =CORREL(Data!$R$2:$R$243,Data!$S$2:$S$243) -> 0.0061087076 | D13: =CORREL(Data!$R$2:$R$243,Data!$T$2:$T$243) -> 0.26564463 | E13: =CORREL(Data!$R$2:$R$243,Data!$P$2:$P$243) -> 0.027433524 | F13: =CORREL(Data!$R$2:$R$243,Data!$G$2:$G$243) -> 0.36425361 | G13: =CORREL(Data!$R$2:$R$243,Data!$H$2:$H$243) -> -0.60640995 | H13: =CORREL(Data!$R$2:$R$243,Data!$I$2:$I$243) -> 0.47214643 | I13: =CORREL(Data!$R$2:$R$243,Data!$Q$2:$Q$243) -> 0.74438418 | J13: =CORREL(Data!$R$2:$R$243,Data!$R$2:$R$243) -> 1 | K13: =CORREL(Data!$R$2:$R$243,Data!$J$2:$J$243) -> 0.96116086 | L13: =CORREL(Data!$R$2:$R$243,Data!$K$2:$K$243) -> -0.063159858 | M13: =CORREL(Data!$R$2:$R$243,Data!$L$2:$L$243) -> -0.16626578 | N13: =CORREL(Data!$R$2:$R$243,Data!$M$2:$M$243) -> 0.56874816 | O13: =CORREL(Data!$R$2:$R$243,Data!$N$2:$N$243) -> 0.28093144 | P13: =CORREL(Data!$R$2:$R$243,Data!$O$2:$O$243) -> 0.094499418
A14: TRB% | B14: =CORREL(Data!$J$2:$J$243,Data!$F$2:$F$243) -> 0.13402019 | C14: =CORREL(Data!$J$2:$J$243,Data!$S$2:$S$243) -> -0.053743336 | D14: =CORREL(Data!$J$2:$J$243,Data!$T$2:$T$243) -> 0.29411817 | E14: =CORREL(Data!$J$2:$J$243,Data!$P$2:$P$243) -> -0.12007638 | F14: =CORREL(Data!$J$2:$J$243,Data!$G$2:$G$243) -> 0.4413331 | G14: =CORREL(Data!$J$2:$J$243,Data!$H$2:$H$243) -> -0.69044967 | H14: =CORREL(Data!$J$2:$J$243,Data!$I$2:$I$243) -> 0.50783552 | I14: =CORREL(Data!$J$2:$J$243,Data!$Q$2:$Q$243) -> 0.89930584 | J14: =CORREL(Data!$J$2:$J$243,Data!$R$2:$R$243) -> 0.96116086 | K14: =CORREL(Data!$J$2:$J$243,Data!$J$2:$J$243) -> 1 | L14: =CORREL(Data!$J$2:$J$243,Data!$K$2:$K$243) -> -0.18406699 | M14: =CORREL(Data!$J$2:$J$243,Data!$L$2:$L$243) -> -0.13275735 | N14: =CORREL(Data!$J$2:$J$243,Data!$M$2:$M$243) -> 0.66103322 | O14: =CORREL(Data!$J$2:$J$243,Data!$N$2:$N$243) -> 0.27745378 | P14: =CORREL(Data!$J$2:$J$243,Data!$O$2:$O$243) -> -0.052941315
A15: AST% | B15: =CORREL(Data!$K$2:$K$243,Data!$F$2:$F$243) -> 0.35091466 | C15: =CORREL(Data!$K$2:$K$243,Data!$S$2:$S$243) -> 0.49188745 | D15: =CORREL(Data!$K$2:$K$243,Data!$T$2:$T$243) -> -0.054535518 | E15: =CORREL(Data!$K$2:$K$243,Data!$P$2:$P$243) -> 0.46519029 | F15: =CORREL(Data!$K$2:$K$243,Data!$G$2:$G$243) -> -0.25362597 | G15: =CORREL(Data!$K$2:$K$243,Data!$H$2:$H$243) -> -0.058048593 | H15: =CORREL(Data!$K$2:$K$243,Data!$I$2:$I$243) -> 0.080646565 | I15: =CORREL(Data!$K$2:$K$243,Data!$Q$2:$Q$243) -> -0.34819756 | J15: =CORREL(Data!$K$2:$K$243,Data!$R$2:$R$243) -> -0.063159858 | K15: =CORREL(Data!$K$2:$K$243,Data!$J$2:$J$243) -> -0.18406699 | L15: =CORREL(Data!$K$2:$K$243,Data!$K$2:$K$243) -> 1 | M15: =CORREL(Data!$K$2:$K$243,Data!$L$2:$L$243) -> 0.2441707 | N15: =CORREL(Data!$K$2:$K$243,Data!$M$2:$M$243) -> -0.35822158 | O15: =CORREL(Data!$K$2:$K$243,Data!$N$2:$N$243) -> 0.40706212 | P15: =CORREL(Data!$K$2:$K$243,Data!$O$2:$O$243) -> 0.63067869
A16: STL% | B16: =CORREL(Data!$L$2:$L$243,Data!$F$2:$F$243) -> 0.23711336 | C16: =CORREL(Data!$L$2:$L$243,Data!$S$2:$S$243) -> 0.05887371 | D16: =CORREL(Data!$L$2:$L$243,Data!$T$2:$T$243) -> 0.31967313 | E16: =CORREL(Data!$L$2:$L$243,Data!$P$2:$P$243) -> -0.082706408 | F16: =CORREL(Data!$L$2:$L$243,Data!$G$2:$G$243) -> -0.3086868 | G16: =CORREL(Data!$L$2:$L$243,Data!$H$2:$H$243) -> 0.035093814 | H16: =CORREL(Data!$L$2:$L$243,Data!$I$2:$I$243) -> -0.14387682 | I16: =CORREL(Data!$L$2:$L$243,Data!$Q$2:$Q$243) -> -0.05494804 | J16: =CORREL(Data!$L$2:$L$243,Data!$R$2:$R$243) -> -0.16626578 | K16: =CORREL(Data!$L$2:$L$243,Data!$J$2:$J$243) -> -0.13275735 | L16: =CORREL(Data!$L$2:$L$243,Data!$K$2:$K$243) -> 0.2441707 | M16: =CORREL(Data!$L$2:$L$243,Data!$L$2:$L$243) -> 1 | N16: =CORREL(Data!$L$2:$L$243,Data!$M$2:$M$243) -> -0.071618009 | O16: =CORREL(Data!$L$2:$L$243,Data!$N$2:$N$243) -> 0.2179488 | P16: =CORREL(Data!$L$2:$L$243,Data!$O$2:$O$243) -> -0.08414769
A17: BLK% | B17: =CORREL(Data!$M$2:$M$243,Data!$F$2:$F$243) -> 0.040408549 | C17: =CORREL(Data!$M$2:$M$243,Data!$S$2:$S$243) -> -0.24654611 | D17: =CORREL(Data!$M$2:$M$243,Data!$T$2:$T$243) -> 0.38895762 | E17: =CORREL(Data!$M$2:$M$243,Data!$P$2:$P$243) -> -0.21304965 | F17: =CORREL(Data!$M$2:$M$243,Data!$G$2:$G$243) -> 0.4258938 | G17: =CORREL(Data!$M$2:$M$243,Data!$H$2:$H$243) -> -0.52753682 | H17: =CORREL(Data!$M$2:$M$243,Data!$I$2:$I$243) -> 0.38305644 | I17: =CORREL(Data!$M$2:$M$243,Data!$Q$2:$Q$243) -> 0.69950776 | J17: =CORREL(Data!$M$2:$M$243,Data!$R$2:$R$243) -> 0.56874816 | K17: =CORREL(Data!$M$2:$M$243,Data!$J$2:$J$243) -> 0.66103322 | L17: =CORREL(Data!$M$2:$M$243,Data!$K$2:$K$243) -> -0.35822158 | M17: =CORREL(Data!$M$2:$M$243,Data!$L$2:$L$243) -> -0.071618009 | N17: =CORREL(Data!$M$2:$M$243,Data!$M$2:$M$243) -> 1 | O17: =CORREL(Data!$M$2:$M$243,Data!$N$2:$N$243) -> 0.14059642 | P17: =CORREL(Data!$M$2:$M$243,Data!$O$2:$O$243) -> -0.19928881
A18: TOV% | B18: =CORREL(Data!$N$2:$N$243,Data!$F$2:$F$243) -> -0.037566267 | C18: =CORREL(Data!$N$2:$N$243,Data!$S$2:$S$243) -> -0.13627234 | D18: =CORREL(Data!$N$2:$N$243,Data!$T$2:$T$243) -> 0.1148375 | E18: =CORREL(Data!$N$2:$N$243,Data!$P$2:$P$243) -> -0.048668701 | F18: =CORREL(Data!$N$2:$N$243,Data!$G$2:$G$243) -> 0.013428697 | G18: =CORREL(Data!$N$2:$N$243,Data!$H$2:$H$243) -> -0.35712779 | H18: =CORREL(Data!$N$2:$N$243,Data!$I$2:$I$243) -> 0.27053048 | I18: =CORREL(Data!$N$2:$N$243,Data!$Q$2:$Q$243) -> 0.22922493 | J18: =CORREL(Data!$N$2:$N$243,Data!$R$2:$R$243) -> 0.28093144 | K18: =CORREL(Data!$N$2:$N$243,Data!$J$2:$J$243) -> 0.27745378 | L18: =CORREL(Data!$N$2:$N$243,Data!$K$2:$K$243) -> 0.40706212 | M18: =CORREL(Data!$N$2:$N$243,Data!$L$2:$L$243) -> 0.2179488 | N18: =CORREL(Data!$N$2:$N$243,Data!$M$2:$M$243) -> 0.14059642 | O18: =CORREL(Data!$N$2:$N$243,Data!$N$2:$N$243) -> 1 | P18: =CORREL(Data!$N$2:$N$243,Data!$O$2:$O$243) -> -0.038330539
A19: USG% | B19: =CORREL(Data!$O$2:$O$243,Data!$F$2:$F$243) -> 0.32675104 | C19: =CORREL(Data!$O$2:$O$243,Data!$S$2:$S$243) -> 0.53775838 | D19: =CORREL(Data!$O$2:$O$243,Data!$T$2:$T$243) -> -0.15472753 | E19: =CORREL(Data!$O$2:$O$243,Data!$P$2:$P$243) -> 0.65968619 | F19: =CORREL(Data!$O$2:$O$243,Data!$G$2:$G$243) -> -0.16144613 | G19: =CORREL(Data!$O$2:$O$243,Data!$H$2:$H$243) -> -0.10282907 | H19: =CORREL(Data!$O$2:$O$243,Data!$I$2:$I$243) -> 0.24622095 | I19: =CORREL(Data!$O$2:$O$243,Data!$Q$2:$Q$243) -> -0.27933362 | J19: =CORREL(Data!$O$2:$O$243,Data!$R$2:$R$243) -> 0.094499418 | K19: =CORREL(Data!$O$2:$O$243,Data!$J$2:$J$243) -> -0.052941315 | L19: =CORREL(Data!$O$2:$O$243,Data!$K$2:$K$243) -> 0.63067869 | M19: =CORREL(Data!$O$2:$O$243,Data!$L$2:$L$243) -> -0.08414769 | N19: =CORREL(Data!$O$2:$O$243,Data!$M$2:$M$243) -> -0.19928881 | O19: =CORREL(Data!$O$2:$O$243,Data!$N$2:$N$243) -> -0.038330539 | P19: =CORREL(Data!$O$2:$O$243,Data!$O$2:$O$243) -> 1
A21: How to read: blue = negative, white = none, orange = positive. Diagonal = 1.
A22: Significance for n = 242: |r| above 0.126 is significant at p < .05; above 0.210 at p < .001 (two-tailed).
A23: Correlation is not causation, and single-variable correlations can differ from a stat's role in the full model (for example TOV% is near zero here but clearly negative once usage is controlled for).

Sheet Dominance_General
A1: General dominance (exact, all 512 subsets)
A3: Predictor | B3: Rank | C3: General dominance (R² units) | D3: Share of all RAPM variance | E3: Share of R² | F3: R² alone (k = 0) | G3: R² added last (k = 8) | H3: Change, alone to last | I3: Direction
A4: TS% | B4: =RANK(C4,$C$4:$C$12) -> 3 | C4: 0.080729 | D4: =C4 -> 0.080729 | E4: =C4/Answers!$B$6 -> 0.1795761 | F4: =RSQ(Data!$F$2:$F$243,Data!$G$2:$G$243) -> 0.051029254 | G4: 0.087906 | H4: =G4-F4 -> 0.036876746 | I4: =Model_OLS!I4 -> positive
A5: 3PAr | B5: =RANK(C5,$C$4:$C$12) -> 8 | C5: 0.014152 | D5: =C5 -> 0.014152 | E5: =C5/Answers!$B$6 -> 0.031480149 | F5: =RSQ(Data!$F$2:$F$243,Data!$H$2:$H$243) -> 0.0062804055 | G5: 0.029066 | H5: =G5-F5 -> 0.022785594 | I5: =Model_OLS!I5 -> positive
A6: FTr | B6: =RANK(C6,$C$4:$C$12) -> 7 | C6: 0.017442 | D6: =C6 -> 0.017442 | E6: =C6/Answers!$B$6 -> 0.038798527 | F6: =RSQ(Data!$F$2:$F$243,Data!$I$2:$I$243) -> 0.038092091 | G6: 0.002372 | H6: =G6-F6 -> -0.035720091 | I6: =Model_OLS!I6 -> weak / unclear
A7: TRB% | B7: =RANK(C7,$C$4:$C$12) -> 6 | C7: 0.026014 | D7: =C7 -> 0.026014 | E7: =C7/Answers!$B$6 -> 0.057866351 | F7: =RSQ(Data!$F$2:$F$243,Data!$J$2:$J$243) -> 0.017961411 | G7: 0.037822 | H7: =G7-F7 -> 0.019860589 | I7: =Model_OLS!I7 -> positive
A8: AST% | B8: =RANK(C8,$C$4:$C$12) -> 1 | C8: 0.1139 | D8: =C8 -> 0.1139 | E8: =C8/Answers!$B$6 -> 0.2533627 | F8: =RSQ(Data!$F$2:$F$243,Data!$K$2:$K$243) -> 0.1231411 | G8: 0.075512 | H8: =G8-F8 -> -0.047629098 | I8: =Model_OLS!I8 -> positive
A9: STL% | B9: =RANK(C9,$C$4:$C$12) -> 2 | C9: 0.085879 | D9: =C9 -> 0.085879 | E9: =C9/Answers!$B$6 -> 0.19103192 | F9: =RSQ(Data!$F$2:$F$243,Data!$L$2:$L$243) -> 0.056222744 | G9: 0.102075 | H9: =G9-F9 -> 0.045852256 | I9: =Model_OLS!I9 -> positive
A10: BLK% | B10: =RANK(C10,$C$4:$C$12) -> 9 | C10: 0.006994 | D10: =C10 -> 0.006994 | E10: =C10/Answers!$B$6 -> 0.015557671 | F10: =RSQ(Data!$F$2:$F$243,Data!$M$2:$M$243) -> 0.0016328508 | G10: 0.002016 | H10: =G10-F10 -> 0.00038314921 | I10: =Model_OLS!I10 -> weak / unclear
A11: TOV% | B11: =RANK(C11,$C$4:$C$12) -> 5 | C11: 0.037697 | D11: =C11 -> 0.037697 | E11: =C11/Answers!$B$6 -> 0.08385438 | F11: =RSQ(Data!$F$2:$F$243,Data!$N$2:$N$243) -> 0.0014112244 | G11: 0.058432 | H11: =G11-F11 -> 0.057020776 | I11: =Model_OLS!I11 -> negative
A12: USG% | B12: =RANK(C12,$C$4:$C$12) -> 4 | C12: 0.066746 | D12: =C12 -> 0.066746 | E12: =C12/Answers!$B$6 -> 0.14847188 | F12: =RSQ(Data!$F$2:$F$243,Data!$O$2:$O$243) -> 0.10676624 | G12: 0.005235 | H12: =G12-F12 -> -0.10153124 | I12: =Model_OLS!I12 -> weak / unclear
A13: Total | C13: =SUM(C4:C12) -> 0.449553 | D13: =SUM(D4:D12) -> 0.449553 | E13: =SUM(E4:E12) -> 0.99999968
A15: Notes
A16: General dominance and "R² added last" are hardcoded from the exact Python computation (blue). "R² alone" is a live RSQ formula and equals the k = 0 column of Dominance_Conditional.
A17: The general dominance weights sum to the full-model R² (Total row vs Answers!B6).
A18: A rising "alone to last" change means the stat matters more once the others are controlled for (for example TOV%); a falling one means its information overlaps with other stats (for example USG%).

Sheet Dominance_Conditional
A1: Conditional dominance: average R² added when k other stats are already in the model
A3: Predictor | B3: k = 0 | C3: k = 1 | D3: k = 2 | E3: k = 3 | F3: k = 4 | G3: k = 5 | H3: k = 6 | I3: k = 7 | J3: k = 8 | K3: Average (= general dominance)
A4: TS% | B4: 0.051029 | C4: 0.061328 | D4: 0.071114 | E4: 0.080125 | F4: 0.087978 | G4: 0.094088 | H4: 0.097224 | I4: 0.095773 | J4: 0.087906 | K4: =AVERAGE(B4:J4) -> 0.080729444
A5: 3PAr | B5: 0.00628 | C5: 0.004092 | D5: 0.005143 | E5: 0.008109 | F5: 0.012021 | G5: 0.016449 | H5: 0.020969 | I5: 0.025241 | J5: 0.029066 | K5: =AVERAGE(B5:J5) -> 0.014152222
A6: FTr | B6: 0.038092 | C6: 0.030816 | D6: 0.024542 | E6: 0.019339 | F6: 0.015097 | G6: 0.011775 | H6: 0.008949 | I6: 0.005993 | J6: 0.002372 | K6: =AVERAGE(B6:J6) -> 0.017441667
A7: TRB% | B7: 0.017961 | C7: 0.018732 | D7: 0.020138 | E7: 0.022021 | F7: 0.024399 | G7: 0.027468 | H7: 0.031011 | I7: 0.03457 | J7: 0.037822 | K7: =AVERAGE(B7:J7) -> 0.026013556
A8: AST% | B8: 0.123141 | C8: 0.124695 | D8: 0.12625 | E8: 0.12658 | F8: 0.124459 | G8: 0.119126 | H8: 0.10978 | I8: 0.095554 | J8: 0.075512 | K8: =AVERAGE(B8:J8) -> 0.11389967
A9: STL% | B9: 0.056223 | C9: 0.064453 | D9: 0.073211 | E9: 0.08222 | F9: 0.090517 | G9: 0.097477 | H9: 0.102397 | I9: 0.104337 | J9: 0.102075 | K9: =AVERAGE(B9:J9) -> 0.085878889
A10: BLK% | B10: 0.001633 | C10: 0.007251 | D10: 0.010119 | E10: 0.010913 | F10: 0.010331 | G10: 0.009002 | H10: 0.007077 | I10: 0.004608 | J10: 0.002016 | K10: =AVERAGE(B10:J10) -> 0.0069944444
A11: TOV% | B11: 0.001411 | C11: 0.008925 | D11: 0.020853 | E11: 0.033466 | F11: 0.044411 | G11: 0.052852 | H11: 0.058394 | I11: 0.060526 | J11: 0.058432 | K11: =AVERAGE(B11:J11) -> 0.037696667
A12: USG% | B12: 0.106766 | C12: 0.099342 | D12: 0.091244 | E12: 0.083034 | F12: 0.0739 | G12: 0.062827 | H12: 0.04856 | I12: 0.029807 | J12: 0.005235 | K12: =AVERAGE(B12:J12) -> 0.066746111
A14: All values hardcoded from the exact Python computation. The last column is a live AVERAGE and should match Dominance_General column C.

Sheet Dominance_Pairs
A1: Pairwise dominance verdicts
A2: Complete: X adds at least as much R² as Y in every one of the 128 subsets of the other 7 stats. Conditional: X's average is at least Y's at every model size k. General: X has the higher general dominance weight.
A4: Dominates | B4: Is dominated | C4: Complete | D4: Conditional
A5: TS% | B5: 3PAr | C5: Yes | D5: Yes
A6: TS% | B6: FTr | C6: No | D6: Yes
A7: TS% | B7: TRB% | C7: Yes | D7: Yes
A8: TS% | B8: BLK% | C8: Yes | D8: Yes
A9: TS% | B9: TOV% | C9: No | D9: Yes
A10: FTr | B10: BLK% | C10: No | D10: Yes
A11: TRB% | B11: 3PAr | C11: No | D11: Yes
A12: TRB% | B12: BLK% | C12: No | D12: Yes
A13: AST% | B13: 3PAr | C13: No | D13: Yes
A14: AST% | B14: FTr | C14: No | D14: Yes
A15: AST% | B15: TRB% | C15: No | D15: Yes
... A26: USG% | B26: BLK% | C26: No | D26: Yes
A28: 3 complete and 22 conditional dominance relations out of 36 predictor pairs. All 36 pairs are ordered by general dominance (see ranks on Dominance_General). Hardcoded from Python.

Sheet Graphic_Numbers
A1: Every number on the X graphic, traced to its source
A3: Label on graphic | B3: Shown as | C3: Exact value | D3: Source
A4: About 40% (out of sample) | B4: 40% | C4: =Answers!B8 -> 0.396272 | D4: Leave-one-out cross-validated R²
A5: In-sample R² 0.450 / 45% | B5: 0.450 | C5: =Answers!B6 -> 0.44955314 | D5: LINEST R²
A6: AST% segment | B6: 11.4% | C6: =Dominance_General!D8 -> 0.1139 | D6: General dominance, share of all variance
A7: STL% segment | B7: 8.6% | C7: =Dominance_General!D9 -> 0.085879 | D7: General dominance, share of all variance
A8: TS% segment | B8: 8.1% | C8: =Dominance_General!D4 -> 0.080729 | D8: General dominance, share of all variance
A9: Top 3 share of explained variance | B9: 62% | C9: =SUM(C6:C8)/C5 -> 0.62397072 | D9: AST% + STL% + TS% divided by R²
A10: USG% segment | B10: 6.7% | C10: =Dominance_General!D12 -> 0.066746 | D10: General dominance, share of all variance
A11: 5 others segment | B11: 10.2% | C11: =Dominance_General!D11+Dominance_General!D7+Dominance_General!D6+Dominance_General!D5+Dominance_General!D10 -> 0.102299 | D11: TOV%, TRB%, FTr, 3PAr, BLK%
A12: 55% not explained | B12: 55% | C12: =1-C5 -> 0.55044686 | D12: 1 - in-sample R²
A13: Segments plus unexplained | B13: 100% | C13: =C6+C7+C8+C10+C11+C12 -> 0.99999986 | D13: Must equal 100%
A14: ▲ markers (AST%, STL%, TS%) | B14: positive, p < .001 | C14: =Model_OLS!I8&", "&Model_OLS!I9&", "&Model_OLS!I4 -> positive, positive, positive | D14: Direction column on Model_OLS
A16: Segment labels on the image are rounded to one decimal; they add to 45.0%, matching R² = 45.0%.

Sheet Why_No_MPG
A1: Why this model leaves out minutes per game
A3: Minutes are partly a result of impact: coaches give more minutes to players who help them win. Including MPG as a predictor of impact mixes cause and effect, so this model uses box-score rates only. The original 12-predictor model (MPG plus 11 rates including TRB%) is shown for reference.
A5: Statistic | B5: This model (9 rates) | C5: Original (MPG + 11 rates) | D5: Difference
A6: R² (in-sample) | B6: =Answers!B6 -> 0.44955314 | C6: 0.5336 | D6: =B6-C6 -> -0.084046855
A7: Adjusted R² | B7: =Answers!B7 -> 0.4281996 | C7: 0.5092 | D7: =B7-C7 -> -0.081000397
A8: Leave-one-out R² | B8: =Answers!B8 -> 0.396272 | C8: 0.4779 | D8: =B8-C8 -> -0.081628
A10: Share of R² by predictor
A11: Predictor | B11: This model | C11: Original (with MPG) | D11: Note
A12: MPG | B12: not in model | C12: 0.175
A13: AST% | B13: =Dominance_General!E8 -> 0.2533627 | C13: 0.1774 | D13: Leads in both models
A14: STL% | B14: =Dominance_General!E9 -> 0.19103192 | C14: 0.1657
A15: TS% | B15: =Dominance_General!E4 -> 0.1795761 | C15: 0.1195
A16: USG% | B16: =Dominance_General!E12 -> 0.14847188 | C16: 0.0815
A17: TOV% | B17: =Dominance_General!E11 -> 0.08385438 | C17: 0.0613
A18: TRB% | B18: =Dominance_General!E7 -> 0.057866351 | C18: 0.0531
A19: DRB% | B19: not in model | C19: 0.0502
A20: ORB% | B20: not in model | C20: 0.046
A21: 3PAr | B21: =Dominance_General!E5 -> 0.031480149 | C21: 0.0384
A22: FTr | B22: =Dominance_General!E6 -> 0.038798527 | C22: 0.0239
A23: BLK% | B23: =Dominance_General!E10 -> 0.015557671 | C23: 0.008
A25: Original shares hardcoded from the verified Dominance_Exact sheet of the Advanced 5yr RAPM workbook.

Sheet Rebounding_Decision
A1: Why rebounding enters once, as TRB%
A3: Decision | B3: Measure rebounding once, with TRB%. Leave out ORB% and DRB%.
A4: Why not all three | B4: Basketball-Reference defines TRB% as total rebounds divided by all available rebounds while the player is on the floor, which makes it a weighted blend of ORB% and DRB%. In this sample ORB% and DRB% reproduce 99.96% of the variation in TRB% (check below). Including all three counts rebounding twice, and the small leftover in TRB% (with ORB% and DRB% held fixed) adds about 3 points of R² that track team on-court shooting results rather than rebounding skill.
A5: Evidence for that leftover | B5: Adding it to an ORB% + DRB% model raises R² from 0.449 to 0.480 (nested F test p = 0.0002) and raises leave-one-out R² in 99% of 1,000 bootstrap resamples (mean gain 0.034). It correlates 0.32 with RAPM, 0.29 with TS% and more with offensive RAPM (0.28) than defensive (0.16). An ORB% x DRB% term or a rebounding-mix ratio does not reproduce the gain. The mechanism follows from the published formulas; direct on-court team miss counts were not available to confirm it.
A6: Why TRB% rather than ORB% + DRB% | B6: Both clean options fit essentially the same (table below: out-of-sample R² 0.396 vs 0.390, within noise) and give the same leading stats. TRB% was chosen as the single, simpler rebounding measure. Used alone, the model cannot separate the team-opportunity weighting inside TRB% from the player's rebounding, so the leak described above is not available to it.
A7: Effect on the result | B7: The ranking of the leading stats is the same under every rebounding choice. Only the total R² and rebounding's share change.
A9: Check: R² of TRB% on ORB% and DRB% | B9: =INDEX(LINEST(Data!$J$2:$J$243,Data!$Q$2:$R$243,TRUE(),TRUE()),3,1) -> 0.99962101
A11: Rebounding in the model | B11: R² (in-sample) | C11: Leave-one-out R² | D11: Rebounding share of all variance | E11: Top 5 by general dominance
A12: TRB% only (this model) | B12: 0.4496 | C12: 0.3963 | D12: 0.026 | E12: AST%, STL%, TS%, USG%, TOV%
A13: ORB% + DRB% | B13: 0.4486 | C13: 0.3897 | D13: 0.0309 | E13: AST%, STL%, TS%, USG%, TOV%
A14: All three (ORB%, DRB%, TRB%) | B14: 0.4803 | C14: 0.4222 | D14: 0.0813 | E14: AST%, STL%, TS%, USG%, TOV%
A15: None | B15: 0.4117 | C15: 0.3579 | D15: 0 | E15: AST%, TS%, STL%, USG%, TOV%
A17: Comparison rows hardcoded from Python (each model refit with exact dominance analysis). The first row matches Answers and Dominance_General.
